name,surname,password,maritalstatus
John Anderson,Johnson,E!7Yn$Py^j,In a Relationship
Michael Johnson,Doe,kqk@g6*nKW,Divorced
Emily Doe,Moore,Gvp4jj#Ijh,Engaged
Isabella Thompson,Thomas,cWOVqx@lQV,Separated
Jane Smith,Martinez,E5pDce&fyi,Single
Isabella Garcia,Garcia,R)gzpZFIHb,Separated
James Roberts,Anderson,iMynxD0CH8,Married
John Anderson,Smith,e#9jb*M7tI,Engaged
James Davis,Thomas,sQJN03jtJV,Engaged
Sophia Davis,Williams,epLi%b!@5(,In a Relationship
Olivia Brown,Davis,O5S#eXHrwv,Divorced
Olivia Garcia,Davis,p2RLR78Rys,Divorced
Olivia Taylor,Taylor,H7Ui2CeOpO,Separated
Olivia Jackson,Harris,XVFBrB$Rv),Complicated
Lucas Garcia,Taylor,6Enc)r4IFv,Divorced
Mia Garcia,Harris,fF9OYh%7Ch,Engaged
Michael Jackson,Roberts,h&*cc2jsjp,Widowed
Emily Thomas,Thompson,6KY%HgLseW,Divorced
James Moore,Smith,tzQ^sR4k&M,Complicated
Michael Williams,Smith,YwLKDA^Skt,Married
David Anderson,Johnson,3Zw!%Xh9fo,Divorced
Samuel Martinez,Thompson,58fbY(q4zP,In a Relationship
James Anderson,Johnson,tNtUlHK0R@,Separated
Michael Davis,Smith,@*xRnnh9Gk,Single
John Johnson,Anderson,pD7q0Dtlu1,Married
Jane Smith,Smith,1Zb3Gl0*dm,Single
Olivia Thompson,Harris,w4!ir8XKB^,Widowed
Ethan Taylor,Harris,X!6e6R*GoJ,Separated
Samuel Doe,Garcia,siyxbAE6Jx,Divorced
William Jackson,Davis,az@7xbBc)S,Widowed
William Taylor,Smith,b@0$6l2V)a,In a Relationship
Olivia Doe,Taylor,kZh1FYJi(m,Complicated
Charlotte Anderson,Smith,LFG2dU8t#@,Engaged
David Harris,Thompson,NXG1eGLsn(,Divorced
Emily Thomas,Wilson,xL@IaY@TXH,In a Relationship
Emily Williams,Davis,0@tIQJ5tMM,Separated
Ethan Thomas,Anderson,N@K#q*MH9E,Complicated
Amelia Thomas,Johnson,Vwyp4CG^&M,Divorced
Ava Moore,Smith,fK6Ljx9KQ5,Complicated
Amelia Anderson,Thomas,$&UuB$boVp,Engaged
William Garcia,Thomas,GZ@*b8(q4h,Widowed
Mia Thompson,Miller,KDETV(#^b1,Engaged
Benjamin Martin,Williams,JQj&I0XIAE,Complicated
David White,Smith,ecytIvTbX0,Separated
Alex Moore,Anderson,Ku4f1MytxU,In a Relationship
William Smith,Jackson,KH7kz^GApQ,Widowed
Lucas Thomas,Jackson,cUFIZ@yFTx,Separated
Amelia Martinez,Roberts,^G%aYlFbcq,Single
Benjamin Martin,Anderson,3Z71lM0hNm,Single
Emily Anderson,Moore,KCu8YTt&$@,In a Relationship
Lucas Davis,White,iF@LE5@pIY,Complicated
John Thomas,Johnson,KeHPUn3bDy,Married
Jane Jackson,Miller,MbAWavqIjJ,Separated
Lucas Thomas,Martinez,)RbfIfd0rp,Complicated
David Doe,Davis,k2P4IK$#pA,Married
Olivia Smith,Brown,c@0*fQEDFE,Widowed
Jane Martin,Garcia,U8BR8b1PAV,Widowed
Lucas Martinez,Williams,f96Y$b(Q70,Married
David Smith,Harris,X3MpGL2RRk,Married
Michael Miller,Roberts,WNk2iLHpDx,Complicated
Sophia Wilson,Johnson,*AzIUUAQPP,Single
Ava Harris,Roberts,7EQHV2Qj$0,Complicated
Sophia Taylor,Thomas,9C7ZoPnyyv,Complicated
Isabella Wilson,Smith,4f2)@I(zrZ,Widowed
William Martin,Johnson,aVUqoOAR6A,Married
Charlotte Roberts,Taylor,PVtEW#@pjk,Widowed
Emily Brown,Johnson,GhdhWI@7@X,Separated
Ava Anderson,Miller,U6W@@J969!,Complicated
Amelia Moore,Taylor,LIKQ*cg6t!,Widowed
Michael Thompson,Williams,%TXZx0Fh1B,In a Relationship
Mia Anderson,Moore,wKq$TthSGL,Separated
Jane Williams,Johnson,A6!aitPpbu,Widowed
Charlotte Thomas,Thomas,KNH*64ow)V,Separated
Sarah Garcia,Martinez,Fb*CVJExbQ,In a Relationship
Lucas White,Garcia,3PUFuafcjW,Engaged
Alex Doe,Roberts,nBVwnBf@@@,Divorced
Lucas Williams,Smith,#NTErTqsO8,Separated
Alex Wilson,Anderson,KN)m3WF9$Y,Divorced
Emily Anderson,Moore,9hV3OeSha@,Widowed
Jane Johnson,Garcia,3AwOTk^XN&,Separated
Alex Garcia,Roberts,53zi6dUAon,Married
Sophia Smith,Jackson,I246hACJ(i,Divorced
Alex Williams,Doe,6AUyq(8r@W,Married
Isabella Roberts,Johnson,C3ZQ@C^)7V,Divorced
Alex Thompson,White,5djtvb*&9F,Engaged
David White,Harris,bx&keh)M4G,Divorced
Benjamin Roberts,Miller,&HgzV&pdCQ,Divorced
James Miller,Thomas,#b!dzxhgvf,In a Relationship
Benjamin Jackson,Brown,ijZh*)!)5i,Single
Ethan Harris,Brown,$Eo9qRC)&p,Engaged
Ethan Garcia,Smith,ZsL&jht#wa,Married
Emily Thompson,Wilson,Cif8vR@SyB,Married
Ethan Davis,Williams,vghvJkoCvo,Complicated
James Jackson,Moore,V#ejB8&Uzd,In a Relationship
Ethan Thomas,Thomas,8aR%OW00s6,Engaged
James Thomas,White,$2XkJ0XFqW,Separated
David Taylor,Moore,YdhV&0g9w9,Complicated
Lucas Thomas,Johnson,@SX9i6p!jC,In a Relationship
Emily Anderson,Smith,4mXXwH5j^b,Separated
Charlotte Martin,Taylor,nKppht19!j,Single
John Garcia,Martinez,*6XStrgnmN,Divorced
Amelia Davis,Smith,JBe^FI&vPZ,In a Relationship
Benjamin Thompson,White,!&Yk0XowQG,Separated
Michael Anderson,Smith,OgqYZpJi12,Separated
Amelia White,Moore,*bkUvf0QyK,Single
Isabella Harris,White,o3WQ)g@0Mt,Single
William Roberts,Johnson,fnDpQ0xalB,Separated
Charlotte Moore,White,mzfj*yf7QR,Widowed
Benjamin White,Thomas,dfz%wR#plH,Widowed
James Thompson,Garcia,xMlfPt5n^K,Married
Sarah Davis,Wilson,ospT3HK^kx,Married
William Doe,White,IIk^s5hrJf,Complicated
Charlotte Doe,Moore,2mX1HzNeAb,Widowed
John Harris,Harris,BnM9*KBOmU,Engaged
Jane Thompson,Johnson,*AFKBmw)gz,Married
Alex Anderson,Brown,&FDb2)^S2Z,In a Relationship
Samuel Miller,Johnson,PpG0JNR&@k,In a Relationship
Mia Johnson,Jackson,oQs33&Dqk5,Divorced
James Moore,Johnson,QJGLo3Zk&&,Divorced
James Thomas,Jackson,wCO1Gg!!yP,Married
Alex Taylor,Martinez,ETDZmM)KmL,In a Relationship
Michael Thompson,Harris,eDumZ1!8OL,In a Relationship
Lucas Martin,Jackson,6QNvzqOxS&,Widowed
Amelia Brown,Smith,PXqNu!S^%0,Single
William Williams,Martin,jo6CBJXZ1O,Complicated
Jane Moore,Smith,Nx!aN7k)uI,Single
Sophia Martin,Brown,Rj8T%aEU5!,Divorced
Benjamin Harris,Miller,y5c59b2y)R,Widowed
David Wilson,Brown,kh)y#JiMEv,Divorced
Michael Davis,Wilson,eBwML&UIz(,Separated
Sarah Martinez,Martinez,ohLF)^xBuX,Widowed
John Brown,Brown,2N4JhM#!W6,In a Relationship
James Martin,Martinez,Tye9uUdvcg,Married
Alex Williams,Davis,kxIms6N*2e,Single
Olivia Harris,Anderson,eC$IDTemC(,Married
Mia Martinez,Martin,7#jp11#^xr,Engaged
Sarah Miller,Thompson,AsX1B2U#Rk,Engaged
Samuel Doe,Jackson,sjdUgP6x79,Complicated
Isabella Doe,Brown,bpDxky)Sfg,Divorced
Olivia Williams,Smith,Uf4q*5vlbi,Widowed
Sophia Johnson,Wilson,NWANfs#oQb,Single
Olivia Martin,Jackson,&^bU%^ZIY),Complicated
Michael Taylor,Martin,8%haVYvg%C,Complicated
Benjamin Taylor,White,dQ53fO#tiO,Separated
David Thompson,Miller,JuEnNNaayD,Separated
William Martinez,Thomas,NmVmMEhORq,Widowed
Emily Jackson,Thomas,j&uE^)(Dxv,Single
Ethan Martin,Doe,^bZs@w^Hi2,Married
Mia Davis,Johnson,Acu4DM5UGO,Married
Olivia Williams,Johnson,DEnOWkE#pM,Single
Samuel Thomas,Martin,JZMCl6gCCH,Widowed
William Martinez,Thomas,tVqgEWcyoU,In a Relationship
Alex Doe,Doe,Y#!52%tntR,Widowed
Mia Anderson,Moore,oNIvNB*HGa,Single
Isabella Miller,Anderson,5pB9UWTOd3,Complicated
Lucas Roberts,Harris,HaMN9ZlBRK,Engaged
James Thompson,Brown,HROEfl$Rkd,Widowed
Samuel Davis,Anderson,xGLsPUtNdz,Divorced
Charlotte Thomas,Williams,#B7lp3yoYo,Widowed
David Taylor,Taylor,)^2msVr&KT,Complicated
Samuel Taylor,Williams,PjqEYPH&cU,Complicated
Isabella Moore,Smith,jmjDZE$E0w,Married
Emily Thompson,Moore,vhmkekeR$4,Divorced
Ethan Davis,Harris,$yd!PFEhu@,Widowed
Emily Garcia,Davis,x1YsUpjN!o,Engaged
Charlotte Wilson,Harris,Z#oYNQiYnG,Married
Ethan Miller,Anderson,YuuA@*Xq0X,In a Relationship
Charlotte White,Roberts,2hS$4bBZ!H,Single
Alex Smith,White,4kkCqIHyRz,Widowed
Amelia Jackson,Jackson,HxMFATvV7&,Married
Samuel Miller,Martinez,mTPUe3znRA,Divorced
John Moore,Thompson,bF5Td%MzjW,Widowed
Sarah Doe,Moore,7VCJ&9h&Jn,Separated
Ethan Williams,Harris,a(HwgmrVCs,Engaged
Olivia Roberts,Wilson,460!pfqleA,Divorced
Alex Harris,Doe,PqweQtPKOP,Complicated
Emily Miller,Roberts,5UqHDAT3qa,Separated
William Williams,Johnson,QW0(awqAl8,Divorced
Sophia Roberts,Doe,2BG^X8NYV8,Complicated
David Moore,Harris,)@7#*3(Dwy,Married
David Anderson,Taylor,gOO45bP!Lj,Separated
Sarah Garcia,Williams,h!QHeJFN6r,Widowed
Isabella Martinez,Thomas,G$Iz9gWkzN,Married
Benjamin Williams,Miller,)Oq5oMCjoZ,Widowed
Emily Anderson,Roberts,&YKDP9nTll,In a Relationship
Jane Taylor,Martin,bxlU#6^I!m,Complicated
Lucas Smith,Martinez,AS^^5pfWdI,Engaged
John Wilson,Taylor,*Suk)Mtp&T,In a Relationship
Charlotte Thompson,Roberts,My%(eaPu$w,In a Relationship
William Jackson,Roberts,WqA3EyO6^u,Single
Charlotte Harris,Williams,FP2bI1xW3A,In a Relationship
Lucas Johnson,Martinez,oYpMr*DLNT,Single
Isabella Davis,Garcia,j&wUkbLi2A,In a Relationship
Isabella Miller,Brown,jQkzUETQXS,Engaged
Charlotte Wilson,Jackson,hXU4i99vr9,Divorced
David Taylor,Johnson,VVgkRgs8wS,Separated
James Roberts,Miller,8&hM3ddVeG,Married
Amelia White,Taylor,)M^Mi7%uyb,Complicated
William Brown,Garcia,%n$aKe7ZqE,Widowed
William Roberts,Garcia,6B7lirYmod,Engaged
Sophia Roberts,Taylor,@F6eQuxvzz,Engaged
Sophia Smith,Harris,BGee1@tfBK,Complicated
John Davis,Martin,B4b!8Mbg^m,In a Relationship
Jane Thompson,Anderson,GU^8P9PC1F,Married
Ava Johnson,White,I@iG@^U%%%,Widowed
Sarah Smith,Smith,!rWREYJ3lY,Engaged
Alex Miller,Harris,!hzdadMqyl,In a Relationship
Olivia Brown,Brown,nYA0GNy@E&,Married
David Harris,Miller,O!QWP4PJuD,Divorced
Amelia Harris,Anderson,lEeXMrX%QL,Engaged
John Jackson,Brown,W%uR@iDtNO,Single
David Brown,Anderson,8BA0^**O9T,Married
William Moore,Jackson,^w^LBHhOy2,Divorced
Benjamin Davis,Davis,hom$1jtEti,In a Relationship
Charlotte Roberts,Anderson,i1P*d!K3*T,Married
Ethan Thomas,Doe,Odx#YZ#nj7,Single
Alex Doe,Miller,FaW12iLI)I,In a Relationship
William Roberts,Doe,OfkZPJgRnH,Complicated
David Thompson,Martinez,2zfbCKpy8F,Single
Amelia Doe,Smith,S6cc##IcvB,Single
Charlotte Garcia,Garcia,h3a$Nrb0CN,Divorced
Amelia Miller,Wilson,Gy@vsp1vL^,In a Relationship
James Davis,Martinez,MncHHYDVK%,Engaged
Olivia Johnson,Wilson,Ss4XE)4*W3,Married
Alex Miller,Miller,fzbYS&c^So,Engaged
Isabella Thompson,Thompson,Zw5YB^HNZv,Complicated
Samuel Anderson,Smith,0qGI!W#es*,In a Relationship
Sophia Harris,Garcia,RpjnjUO4DT,Separated
Sarah Brown,Martin,r%IadHdZpE,Married
John Smith,Brown,rMn40ra9cr,Divorced
Sophia Miller,Davis,1erGO8Wc%a,Single
Ethan Williams,Garcia,BCkKnE4AeK,Separated
Michael Roberts,Roberts,n&&J)MIP!X,Married
Samuel Brown,Williams,nSgH*bh$q^,In a Relationship
William Martin,Martin,pO%qYxKLDT,Separated
Sophia Doe,Martinez,V#aQjRI$KG,Complicated
Charlotte Taylor,White,9JEIBlDBDX,Engaged
John Anderson,Smith,@OU%XMqYet,Married
Olivia Thompson,Wilson,gEtBO$&sNZ,Separated
Michael Johnson,Roberts,pbd9fJ(s16,In a Relationship
Sophia Roberts,Harris,GQS3Yk@88w,Complicated
Lucas Martinez,Garcia,le0r!Q6s^e,In a Relationship
Emily Anderson,Thompson,pu3mdU8&XN,Married
Olivia Anderson,Roberts,tyeYb1dYqt,In a Relationship
Ava Anderson,Davis,@ObSIBS7$K,Complicated
Olivia White,Smith,Hg2PC8DNi5,Single
Benjamin Smith,Jackson,qVWSk4vdIg,Complicated
James Martin,Moore,qe#jlc8%cV,Widowed
Michael Anderson,Wilson,dLgt1QXMk#,Engaged
Samuel Thompson,Smith,8leQH%Vmm#,In a Relationship
Sophia Brown,Martin,1w!vsqDih$,In a Relationship
Sarah Harris,Martinez,okXii*)$c*,Complicated
Samuel Williams,Anderson,h17yt(v@R#,Complicated
Amelia Davis,Miller,^Fg9%KybYC,Widowed
Isabella Williams,Smith,XPyEbxW8ca,Separated
Amelia Thomas,Miller,b6c5LFBUY1,Married
Charlotte White,Johnson,mWVvlTO5yH,Separated
Jane Thompson,Johnson,04c0G!YF2Y,Engaged
Ava Johnson,White,!WObqPPljy,Engaged
Lucas Moore,Moore,Odbb&SSBu7,Single
Ethan Miller,Moore,tk56@1&2Di,Divorced
Michael Davis,Martinez,clu(3Nn@ew,Engaged
David White,Doe,)rNyV%nMC(,Engaged
David Davis,Davis,IPg8F1qAch,Married
Samuel Jackson,Doe,jSq4PHXxiZ,Married
Olivia Harris,Jackson,mQ6BhJhsLG,Divorced
Alex Jackson,Williams,W@LUKslxHq,Engaged
Alex White,Davis,5fxHEGz0Jy,Divorced
Sarah Miller,Williams,3Nu1svGxth,Engaged
Ethan Johnson,Smith,YK8hwls^gA,Divorced
Lucas Davis,Roberts,q)xXN9wwz%,Divorced
Emily Harris,Harris,XXKd(8)Gll,Widowed
Ava Doe,Martin,vk&HHI^qeB,Married
Isabella Miller,Harris,@e7me9s*48,Complicated
Charlotte Martinez,Taylor,Dn%n8Zi&O6,Separated
Mia Williams,Doe,tayMsQNJyS,Widowed
David Roberts,Wilson,aN6l$O9mno,Divorced
Samuel Davis,Davis,2cnmgKZWWE,In a Relationship
Charlotte Martinez,Smith,3D9dFIwWUQ,Married
John Anderson,Doe,%$nTvr@EQN,Widowed
William Smith,Roberts,z(I9kkQZzy,Divorced
Benjamin Roberts,Martin,Vz&malOuhD,Separated
Jane Williams,Williams,H*bxRaArjY,Complicated
Ava Davis,Martinez,&CWy^LCiVW,In a Relationship
William Johnson,Roberts,ANhFKt6DNu,Widowed
Sophia Johnson,Wilson,SnUZwdX$EY,Engaged
Michael Moore,Anderson,lJMsN^1bGp,Complicated
Ava Davis,Thomas,j5BJWpCf&a,Widowed
Sophia Williams,Jackson,CqiAgBIo6X,Single
David Miller,Johnson,G$sth$aA8G,Separated
Olivia Wilson,Martin,HUX^*!SZg#,Complicated
William Williams,Davis,$!XtJwi@uN,Married
Isabella Moore,Brown,!nZaB$NIIZ,Widowed
John Harris,Miller,5Xg&4QWA2o,Separated
Sophia Miller,Thomas,%INb!qaRy2,Separated
Mia Brown,Miller,TvWmip4vX7,Single
William Williams,Smith,3j*Q&Vfnv8,Complicated
Benjamin Jackson,Martinez,YPBzXfXzBv,Separated
Ava Roberts,Wilson,yTRH@qm3t3,In a Relationship
William Davis,Brown,#K4Iaf*doB,Married
Mia Roberts,Garcia,F$nUc^DZ#u,Complicated
Benjamin Davis,White,p7S@TwXq)i,Single
Lucas Jackson,Thompson,Y^Enll9K1m,Single
John Doe,Smith,lCKs@boqb5,Complicated
Ethan Garcia,Martin,n2WG8k^^Ed,Complicated
John Martinez,Brown,MikLANP3z#,In a Relationship
Benjamin Anderson,Jackson,tZgd!ohb37,In a Relationship
Jane Williams,Garcia,rGDw(VzVHg,Widowed
Samuel White,Thompson,1PD0EOT#pC,Widowed
Charlotte Moore,Thomas,SWMM5@j3J1,Divorced
John Brown,White,qMQrI3*%Bz,Complicated
Charlotte Jackson,Garcia,Nz0&8xX^lK,In a Relationship
Benjamin Williams,Doe,SPFGnCTGiM,In a Relationship
Jane Martin,Moore,Q5LAdCSIC0,Widowed
Charlotte Harris,Wilson,nW42u67h3z,Married
Michael Martin,Wilson,RYi7Lq0Ra0,Separated
Benjamin Williams,Thomas,(ErJ7G&00u,Married
David Doe,Anderson,^eYRh^ZcHr,Separated
Ava Williams,Roberts,gwMyts2a@H,In a Relationship
Isabella Davis,Brown,5YhM#oOYyc,Engaged
David Jackson,Martin,3tdQ7@eNnT,Complicated
Ethan Anderson,Martinez,o^saAKY4s$,Engaged
Emily Garcia,Brown,kV0oUDWnew,Engaged
Amelia Wilson,Brown,AqhliJK9OS,Married
Emily Williams,Anderson,MLo%^ts38u,Married
Amelia Davis,Jackson,quMz3mF69j,Single
Lucas Martinez,Thompson,%3UGw(uyDP,Single
Mia Brown,Williams,Up3H*r$DtK,Separated
Jane Thomas,Anderson,lecHY($oN!,Widowed
Ava Doe,Jackson,REEew*I&N%,Engaged
Olivia Harris,Miller,pkkwIR51oR,Divorced
Sarah Taylor,Thompson,qxnI#TTW2),Single
Michael Harris,Wilson,uvfXR!dwht,Separated
William Moore,Roberts,RKv760Kvl3,Married
Amelia Davis,White,MHnd&qr(ag,Complicated
Sarah Martin,Brown,nxikLifJsU,Divorced
Alex Doe,Brown,*jQ@va3&6A,Married
Sarah Brown,Anderson,78RPsUlO4G,In a Relationship
Lucas Garcia,Roberts,Q&UZ6t$eWy,Complicated
Sarah Doe,Miller,!ElQXM4Do!,Divorced
Charlotte Johnson,Martin,7tHp(y$AbY,Separated
Alex Thompson,Taylor,@62@%iTJZN,Engaged
Charlotte Anderson,Smith,P1LAMOePr@,Separated
William Thompson,Doe,Fs(CN!I5pp,Married
James White,Johnson,ImPEKUW)CP,Engaged
Ava Harris,Roberts,4BjQTi7nim,Complicated
Alex Thompson,Anderson,pqS5A4OM3d,Separated
Amelia Miller,Williams,)&lMk&iE*%,Divorced
Michael Martinez,Thompson,a#jmr3@l6M,Separated
John Martin,Garcia,j2CZ9zreV(,Engaged
James Jackson,Davis,(2!Jz*zvVq,Married
Ethan Smith,Moore,ssP3!bPWyW,Widowed
John Thomas,Harris,$bMQQKvQ5P,Single
Ethan Garcia,Brown,EKn$JWNOTd,Engaged
Ava Davis,Roberts,OIKQgJ9Kul,Separated
Michael Williams,White,!82WowkyRv,Complicated
Ethan Thompson,White,qV1V%aZEE@,Married
Sarah Davis,Harris,w0OrPXv@k0,In a Relationship
Samuel Martin,Williams,L&2qioN&N!,Single
Ava Taylor,Doe,&ZYmppsiTH,Engaged
Mia Williams,Wilson,P&@$UEYzf^,Widowed
Michael Harris,Martinez,4@FlQeNP9X,Engaged
William Anderson,Smith,gNw*O8bo(K,Engaged
David Williams,Martin,1KmgCfQA@t,Widowed
Lucas Johnson,Brown,$RH&GCuob!,Divorced
Mia Smith,Jackson,S7YSj2ePtb,Engaged
Benjamin Taylor,Moore,u%#BJ2v(ys,Married
Isabella Smith,Thompson,*pO^66YAwd,Widowed
James Smith,Martinez,W)*rNpRG!a,Married
Samuel Anderson,Harris,6))LKUK)he,Separated
Lucas Wilson,Anderson,DO%QqFKEmF,Engaged
Ava Martin,Smith,kp76w%5hos,Married
Jane Harris,Miller,8OpmHBU)I&,Separated
David Martinez,Moore,@0EeUp(OMp,Engaged
Amelia Wilson,Garcia,zKCLinjrx@,Separated
Amelia Wilson,White,y0eUq)FM&I,Widowed
Isabella Harris,Roberts,wPBL9g9X^#,Complicated
Amelia Moore,Johnson,hka20NpsXB,In a Relationship
Olivia Moore,Roberts,sTK9cG^1!Q,Married
Ethan Doe,Roberts,8lJ$D0Td52,Engaged
David Garcia,Wilson,MMEris9qh$,Engaged
Charlotte Garcia,Johnson,r10EvsqsEM,In a Relationship
Emily Miller,Jackson,sR#6y20hYz,Complicated
Sophia Roberts,Johnson,b(2PNw^sp2,Single
Michael Brown,White,8!ESr5Hwlz,Widowed
David Davis,Moore,Bc61HTcazL,Divorced
Ethan Taylor,White,sOBLkqr0c&,Single
William Garcia,Miller,XtRfsw6#rh,Divorced
Charlotte Harris,Moore,hwvvWu$Euk,Engaged
David Taylor,Moore,wmvXOzFxDq,In a Relationship
John Smith,Williams,gH#tPb@3sG,In a Relationship
Benjamin Thompson,Smith,Uqu!&VzBxR,In a Relationship
Lucas Harris,Miller,thlGO)AXBZ,Complicated
Benjamin White,Thompson,hmYu))%ssH,Widowed
Lucas White,Harris,PzQQl2^wWD,Separated
Ava Harris,Anderson,u5rSe5uIU#,Complicated
John Martinez,Williams,uofB7OKGMR,Separated
Ava Thomas,Williams,cM8K)pMF&8,Widowed
Lucas Roberts,Roberts,jJ$YNg5bO7,In a Relationship
Emily Roberts,Thomas,RU$CFvNus%,Complicated
Ethan Davis,Smith,7Nlgdxdz8B,Divorced
Charlotte Brown,Taylor,zfBdM(bfNu,Engaged
Isabella Martin,Martin,3IG9!pWYBq,Married
Lucas Harris,Doe,2cT$r3nxdy,Married
Sarah Taylor,Taylor,B#LFWE4AZE,Engaged
Benjamin Garcia,Thompson,d0G5eRqWm2,Separated
James Martin,Davis,xaYZHma%zK,In a Relationship
David Smith,Garcia,m*dhYTWbHc,Complicated
Lucas Smith,Johnson,34D7JkkC!a,Single
Alex Thompson,Thompson,p93P^#*yTH,Divorced
Lucas Anderson,Roberts,hxF95cWwtC,Complicated
Isabella Roberts,Smith,kCr9OWJAK2,Widowed
Ava Martin,Miller,WWtqV7QYfC,Separated
Jane Davis,Harris,I9pcbN3N8$,Engaged
Isabella Doe,Doe,MPKl4Z)A)w,Single
Sophia Moore,Martin,H)rbbs#Y@i,Single
John Williams,Miller,OmnkfI0OBY,Single
James Doe,Anderson,rUz1#Lnr!N,Married
Olivia Jackson,Jackson,3*vU2mZ$nu,In a Relationship
Sophia Thompson,Johnson,jqdcboZA*#,In a Relationship
John Smith,White,e&q&HH%e51,Complicated
Ava Moore,Thomas,WmPdrh^jxv,Separated
James Wilson,Johnson,onkEgsEJkL,Divorced
Isabella Taylor,Smith,)5h&*D6YoA,Divorced
William Brown,Thompson,&U$rSH(qa4,In a Relationship
David Martin,Harris,JmtSN1kiQT,Separated
Charlotte Martinez,Martinez,8wNi4GHNMM,Engaged
Alex Johnson,Doe,ms&%6u*jbB,Engaged
Emily Martinez,Doe,%!b#uTUi1A,Engaged
James Smith,Wilson,MuQ^%MeHlD,In a Relationship
Isabella Taylor,Brown,cE8IxGBOe@,Single
Benjamin Wilson,Thomas,eU!RXZzLct,Married
Sarah Anderson,Anderson,F76Q%FaGHT,In a Relationship
Ava Garcia,Thompson,fctL3VQqsr,Engaged
John Martinez,Roberts,b%x2JiOK1^,Complicated
Samuel Thompson,White,wv1vi*^PDG,Divorced
James White,Smith,Xo7s@^1aCi,Widowed
Olivia Johnson,Smith,8qbrSpZWWc,Single
Emily Brown,Martinez,IP^deZ9dH9,Widowed
Benjamin Williams,Taylor,tAgK9AmG%1,Widowed
Ava Smith,Martinez,UegyK(UETD,Single
Emily Brown,Davis,tGElFS#CQ#,Engaged
David Martinez,Moore,Sq7uwe0NtX,In a Relationship
Samuel Garcia,Harris,U5vROcKoxN,Divorced
Charlotte Johnson,Miller,#QMvS7gcHR,Complicated
Lucas Johnson,Johnson,2IP8sMjsZ&,Separated
Isabella Harris,Thompson,!EofyO2TQK,Single
Jane Jackson,White,PLiEaRbIxj,Separated
Isabella Johnson,Taylor,U%LXCaj$^T,Divorced
Ava Doe,Roberts,m$PPnFhY%F,Single
Isabella Wilson,Thomas,YAU*T$@oc@,Separated
James Taylor,Jackson,^p!rFu%ehB,In a Relationship
James Harris,Doe,zK7h5BN%w0,Complicated
James Smith,Doe,2EdR0eBBI1,In a Relationship
Michael Smith,Martinez,1El#H%!pFd,Married
Alex Williams,Brown,S0tg9papR4,In a Relationship
Michael Johnson,Brown,Okog%Sn!GE,Widowed
Sarah Williams,Miller,%(16y7uX9O,Married
Samuel Williams,Wilson,KWZt*M7MF7,Divorced
Olivia Anderson,Martinez,0)v4TGuTvt,Single
James Smith,Thompson,r$W$a8%x^A,In a Relationship
Charlotte Davis,Martinez,UI1kH!@c01,Married
Emily Martin,Thompson,qvNkM1FMUv,Married
Ava Davis,Garcia,2R0EEI0Yt&,Engaged
Alex Davis,Miller,dICZEzSX#z,Single
Benjamin Martin,Martin,oEa%Q%VG88,Married
Sarah Harris,Harris,uM1zIAy8pw,Separated
Lucas Davis,Anderson,DK9yUFj(P@,Separated
Ethan Jackson,Thompson,lHYyrM575U,Widowed
Benjamin Jackson,Thomas,bACC3agE41,Married
Jane Davis,Taylor,TDYi7mRImo,Widowed
James Doe,Taylor,2S!uQQ@hYR,Widowed
Benjamin Smith,Miller,nSka7tz(yd,Single
Lucas Doe,Martinez,mqTbcpCoZN,Single
James Doe,Smith,^m1wkRxuQ0,Complicated
Sarah Davis,Garcia,g*k#zLw#@@,Separated
William Garcia,Taylor,3eGNY0diKv,Married
John Johnson,White,H8BuMp7b*&,Divorced
William Wilson,Martin,)&dNoW)yU1,Separated
Ava Roberts,Johnson,TMdCZVjsXT,Engaged
James Harris,Martinez,Wr6uVTKKe#,Widowed
Mia Thompson,Doe,F4Z2q^qn91,Widowed
David Martin,Smith,r99bYWQ2A#,Complicated
Ava Smith,Miller,)01CDq(8mT,Single
Mia Thompson,Martin,!zwzvKLz62,Married
Olivia Anderson,Harris,5UZv&DW%uR,Single
Emily Moore,Roberts,h#eaWKGYXi,Divorced
Olivia Doe,Taylor,MA$HUV*pOp,Divorced
Michael Garcia,Thomas,CRYaY25fac,Married
Ava Moore,Davis,7%%g3MmD$P,Widowed
Olivia Harris,Anderson,iF02sutetM,Divorced
Mia Taylor,Thomas,p*T9p^5kmI,Separated
William Jackson,Thomas,$%qwAByXmB,In a Relationship
Mia Roberts,Doe,%Hwn10h*46,Married
David Martinez,Brown,$OPUG3qcw4,Separated
Sarah Brown,Martinez,4ph1k)y9Yv,Engaged
Alex Moore,White,3C8rxi7Qab,Complicated
Charlotte Martinez,Thompson,&L(V1EOuSa,Engaged
Isabella Garcia,Harris,Re8wC2bz&b,Divorced
Sophia Harris,Garcia,D5S4z5wi#T,In a Relationship
